transmitter_no,shipname,a_raw_registered_gear_type,Engine Power,Company,Engine Brand
41004,AGUNG MAKMUR -28,Purse Seine Big Pelagics with one boat,#N/A,#N/A,#N/A
41016,SUMBER JAYA,Purse Seine Big Pelagics with one boat,350,BINTANG HARAPAN JAYA,NISSAN
41813,MINA SAMUDERA,Longline Tuna,300,NJO MONIKA,NISSAN
42825,LAUT SUBUR -7,Purse Seine Big Pelagics with one boat,600,PAHALA SAMUDERA FISHERY INDUSTRIES,CUMMINS
42829,KAKAP MINA UTAMA,Longline Tuna,350,BUYUNG,NISSAN
43930,PATRIOT,Purse Seine Small Pelagics,350,JULIANTI DEWI,NISSAN
43936,PERMATA 188,Longline Tuna,#N/A,#N/A,#N/A
43943,MUTIARA No. 22,Longline Tuna,#N/A,#N/A,#N/A
43945,MUTIARA No. 38,Longline Tuna,#N/A,#N/A,#N/A
44273,HIROYOSHI 06,Transporter,420,INTIMAS SURYA,NISSAN
44273,HIROYOSHI -6,Transporter,420,INTIMAS SURYA,NISSAN
44273,HIROYOSHI -6,Longline Tuna,420,INTIMAS SURYA,NISSAN
44273,HIROYOSHI 06,Longline Tuna,420,INTIMAS SURYA,NISSAN
47717,DANAU TOBA INDAH -V,Purse Seine Big Pelagics with one boat,420,ANDREAS SULYSTIO,NISSAN
47719,SINAR JAYA,Purse Seine Big Pelagics with one boat,370,YENNY SULYSTIO,NISSAN
52548,CHARLY TUNA WIJAYA -11,Longline Tuna,545,PERMATA MARINDO JAYA,MITSUBISHI
52549,JIMMY WIJAYA -12,Longline Tuna,370,SURYA LUNG,NISSAN
52574,LAUT SUBUR -5,Purse Seine Big Pelagics with one boat,370,PAHALA SAMUDERA FISHERY INDUSTRIES,NISSAN
52597,INDAH JAYA MAKMUR -9,Purse Seine Big Pelagics with one boat,370,YAP WIE HAN,NISSAN
55269,INDAH KAIL,Purse Seine Big Pelagics with one boat,370,MARHALIM,NISSAN
55271,NAILI - 17,Longline Tuna,#N/A,#N/A,#N/A
56066,STARINDO JAYA MAJU I,Longline Tuna,280,HENDRA,NISSAN
56067,UNITED -XXII,Longline Tuna,#N/A,#N/A,#N/A
56676,UNION JAYA -I,Transporter,#N/A,#N/A,#N/A
58307,PERMATA  -318,Longline Tuna,#N/A,#N/A,#N/A
59623,HIROYOSHI -7,Transporter,350,FARIDA,NISSAN
59623,HIROYOSHI -7,Longline Tuna,350,FARIDA,NISSAN
63309,MITRA BAHARI,Longline Tuna,300,CUN GIE,MITSUBISHI
65135,MINA ANUGRAH -18,Purse Seine Big Pelagics with one boat,#N/A,#N/A,#N/A
65139,SINAR MINA PERKASA -2,Transporter,#N/A,#N/A,#N/A
65143,BINTANG SUMBER MAS -B,Purse Seine Small Pelagics,#N/A,#N/A,#N/A
65145,NUSANTARA JAYA,Purse Seine Big Pelagics with one boat,420,TJIA SUI JONG,NISSAN
65163,NUSANTARA INDAH -VIII,Purse Seine Big Pelagics with one boat,420,EDY SYAHPUTRA,NISSAN
65165,SURYA MINA,Purse Seine Big Pelagics with one boat,#N/A,#N/A,#N/A
65166,SUMBER JAYA  B,Purse Seine Big Pelagics with one boat,420,BINTANG HARAPAN JAYA,NISSAN
65222,SUMBER JAYA -V,Purse Seine Small Pelagics,#N/A,#N/A,#N/A
65237,BINTANG SUMBER HASIL -B,Purse Seine Big Pelagics with one boat,350,BINTANG HARAPAN JAYA,NISSAN
65239,BINTANG REJEKI -A,Purse Seine Small Pelagics,350,BINTANG HARAPAN JAYA,NISSAN
65240,UNITED -XV,Longline Tuna,370,UNIVERSAL SAMUDERA SUKSES,NISSAN
65241,UNITED -XXIII,Longline Tuna,#N/A,#N/A,#N/A
65243,UNITED -XI,Longline Tuna,370,UNIVERSAL SAMUDERA SUKSES,NISSAN
65244,UNITED -XIX,Longline Tuna,#N/A,#N/A,#N/A
65267,SINAR MINA PERKASA -I,Transporter,420,MARKUS JUSTIO,NISSAN
68969,LANGSUNG JAYA ANUGRAH,Longline Tuna,370,MANDIRI JAYA SAMUDRA,NISSAN
68992,SUMBER JAYA -1A,Purse Seine Small Pelagics,420,SUMBER JAYA WISESA,NISSAN
68992,SUMBER JAYA -1A,Purse Seine Big Pelagics with one boat,420,SUMBER JAYA WISESA,NISSAN
70035,BINTANG ARINDO UTAMA,Purse Seine Big Pelagics with one boat,370,SINAR ARINDO SEMESTA,NISSAN
73601,JIMMY WIJAYA 3,Transporter,#N/A,#N/A,#N/A
73605,SINAR ARINDO -79,Purse Seine Big Pelagics with one boat,370,SINAR ARINDO SEMESTA,NISSAN
73607,JIMMY WIJAYA -17,Longline Tuna,#N/A,#N/A,#N/A
73607,CHARLY TUNA WIJAYA  -10,Longline Tuna,#N/A,#N/A,#N/A
73612,BINTANG REJEKI -8,Purse Seine Small Pelagics,370,DUA SEKAWAN SEMPURNA MANDIRI,NISSAN
73631,PRIMA UNITED,Purse Seine Big Pelagics with one boat,370,RONY CHRISTIAWAN SALAM,NISSAN
73634,SINAR ARINDO -66,Purse Seine Big Pelagics with one boat,370,ANTON GUNARSO,NISSAN
73643,PRIMA BINTANG UNITED,Purse Seine Big Pelagics with one boat,420,GRAHA INSAN SEJAHTERA,NISSAN
73649,UNGGUL JAYA,Purse Seine Big Pelagics with one boat,300,GUNAWAN,MITSUBISHI
73652,BINTANG SAMUDRA PERKASA,Purse Seine Big Pelagics with one boat,370,IWANDI KARSO,NISSAN
73653,HASIL LAUT -38,Purse Seine Small Pelagics,#N/A,#N/A,#N/A
73678,PERMATA 168,Longline Tuna,#N/A,#N/A,#N/A
73682,SUMBER TUNA,Longline Tuna,370,FARIDA,NISSAN
73682,SUMBER TUNA,Transporter,370,FARIDA,NISSAN
73687,NUSANTARA INDAH VII,Purse Seine Small Pelagics,370,ISKAK KENANGA,NISSAN
73696,HASIL MINA -II,Purse Seine Big Pelagics with one boat,370,ARTA MINA JAYA,NISSAN
73716,FIRMA JAYA ABADI,Purse Seine Big Pelagics with one boat,350,BINTANG HARAPAN JAYA,NISSAN
73732,JAYA BAHARI,Purse Seine Small Pelagics,370,DUA SEKAWAN SEMPURNA MANDIRI,NISSAN
73733,HALOGEN STAR,Purse Seine Small Pelagics,#N/A,#N/A,#N/A
73736,TEGUH UNITED,Purse Seine Big Pelagics with one boat,370,SALIMUN  (TEK LIE),NISSAN
73739,JIMMY WIJAYA -17,Longline Tuna,#N/A,#N/A,#N/A
73750,INDRA JAYA -II,Longline Tuna,350,CHANDRA,NISSAN
73752,PERMATA TUNA WIJAYA -01,Transporter,#N/A,#N/A,#N/A
73754,LASKAR PELANGI -88,Longline Tuna,#N/A,#N/A,#N/A
73754,LASKAR PELANGI,Longline Tuna,#N/A,#N/A,#N/A
73758,HARAPAN JAYA  -XIX,Purse Seine Big Pelagics with one boat,420,HASIL ALAM SAMUDERA,NISSAN
73775,SUMBER JAYA -A,Purse Seine Big Pelagics with one boat,350,BINTANG HARAPAN JAYA,NISSAN
73963,RODA TERBANG 01,Longline Tuna,370,MITRA USAHA SAMUDERA,NISSAN
73963,RODA TERBANG -01,Longline Tuna,370,MITRA USAHA SAMUDERA,NISSAN
73967,MINA SEMPURNA 89,Purse Seine Big Pelagics with one boat,#N/A,#N/A,#N/A
73968,CAHAYA SETIA,Purse Seine Big Pelagics with one boat,420,HANDAYANI SULYSTIO,NISSAN
73975,SINAR ARINDO -77,Purse Seine Big Pelagics with one boat,370,SINAR ARINDO SEMESTA,NISSAN
73976,PERMATA 106,Longline Tuna,#N/A,#N/A,#N/A
73982,SUN RISE -III,Longline Tuna,420,CHARLYWIJAYA TUNA,NISSAN
74004,INDAH MAKMUR -22,Purse Seine Small Pelagics,#N/A,#N/A,#N/A
74011,CHARLY TUNA WIJAYA -8,Longline Tuna,#N/A,#N/A,#N/A
74017,SINAR MINA LESTARI,Purse Seine Small Pelagics,420,WINOTO,NISSAN
74018,JIMMY WIJAYA -28,Longline Tuna,370,CHARLYWIJAYA TUNA,NISSAN
74038,BAHARI NUSANTARA -I,Purse Seine Big Pelagics with one boat,370,HORIZON SAMUDERA INDONESIA,NISSAN
74041,SUMBER JAYA VI,Purse Seine Big Pelagics with one boat,370,SUMBER JAYA WISESA,NISSAN
74044,JAWA SENTOSA,Purse Seine Big Pelagics with one boat,420,BINTANG HARAPAN JAYA,NISSAN
74046,BAHTERA MAKMUR,Purse Seine Big Pelagics with one boat,#N/A,#N/A,#N/A
74047,BINTANG REJEKI -B,Purse Seine Big Pelagics with one boat,350,BINTANG HARAPAN JAYA,MITSUBISHI
74048,BINTANG REJEKI -V,Purse Seine Big Pelagics with one boat,420,BINTANG HARAPAN JAYA,NISSAN
74055,CHARLY TUNA WIJAYA -6,Longline Tuna,600,TUNA PERMATA REZEKI,MITSUBISHI
74058,NENGGALA -01,Longline Tuna,#N/A,#N/A,#N/A
74066,LUCKY HAPPY,Purse Seine Big Pelagics with one boat,#N/A,#N/A,#N/A
74086,HASIL LAUT -III,Transporter,#N/A,#N/A,#N/A
74087,CHARLY TUNA WIJAYA -16,Longline Tuna,700,TUNA PERMATA REZEKI,CUMMINS
74100,99 JAYA UTAMA -I,Purse Seine Big Pelagics with one boat,420,SEMBILAN ANUGRAH PERSADA,NISSAN
74100,JAYA UTAMA -18,Purse Seine Big Pelagics with one boat,420,SEMBILAN ANUGRAH PERSADA,NISSAN
74109,PRIMA UTAMA JAYA -VI,Purse Seine Big Pelagics with one boat,#N/A,#N/A,#N/A
74197,HAITERI JAYA UTAMA,Purse Seine Small Pelagics,350,NUSANTARA ARTHA PRATAMA,NISSAN
74199,AW. MAKMUR -I,Purse Seine Big Pelagics with one boat,350,ANTO WIBOWO SARMAN,NISSAN
81478,MUTIARA 9,Longline Tuna,350,INTIMAS SURYA,MITSUBISHI
81486,MUTIARA -5,Purse Seine Small Pelagics,310,INTIMAS SURYA,MITSUBISHI
81486,MARLBORO,Purse Seine Small Pelagics,310,INTIMAS SURYA,MITSUBISHI
81519,SAMUDERA DUA,Longline Tuna,#N/A,#N/A,#N/A
81555,KARYA LAUTAN KIRANA -2,Transporter,420,SUTRISNO,NISSAN
81696,NUSANTARA INDAH -IX,Purse Seine Big Pelagics with one boat,420,DEVI KENANGA,NISSAN
87078,HANNOVER,Purse Seine Big Pelagics with one boat,350,NUSANTARA ARTHA PRATAMA,NISSAN
87097,CAHAYA ABADI -II,Longline Tuna,#N/A,#N/A,#N/A
87128,SUKSES ABADI JAYA,Purse Seine Big Pelagics with one boat,350,JIU EDY SUTRISNO,NISSAN
87153,MALINDO SUKSES,Transporter,#N/A,#N/A,#N/A
87174,MUTIARA -10,Longline Tuna,350,INTIMAS SURYA,MITSUBISHI
87185,MUTIARA  -11,Longline Tuna,0,INTIMAS SURYA,MITSUBISHI
87254,NAGA MAS,Purse Seine Big Pelagics with one boat,350,VICTOR HENRY,NISSAN
97256,CAKRAWALA -XI,Transporter,420,KENT HASIL LAUT,NISSAN
97265,BINTANG SEJATI -I,Purse Seine Big Pelagics with one boat,420,SALAM,NISSAN
97265,BINTANG SEJATI I,Purse Seine Big Pelagics with one boat,420,SALAM,NISSAN
97267,JIMMY WIJAYA -20,Purse Seine Big Pelagics with one boat,#N/A,#N/A,#N/A
99444,SAHABAT INDAH,Longline Tuna,#N/A,#N/A,#N/A
99464,HASIL LAUT II,Transporter,#N/A,#N/A,#N/A
102916,DWI SUKSES KENCANA,Stick-Held lift net,#N/A,#N/A,#N/A
103121,BINTANG SAMPURNA -B,Purse Seine Big Pelagics with one boat,360,BINTANG HARAPAN JAYA,NISSAN
109961,MUTIARA No 26,Longline Tuna,#N/A,#N/A,#N/A
110006,BINTANG LAUT,Purse Seine Small Pelagics,#N/A,#N/A,#N/A
110010,BINTANG PUTRA MANDIRI -V,Purse Seine Big Pelagics with one boat,#N/A,#N/A,#N/A
110019,STARINDO JAYA MAJU -VII,Purse Seine Small Pelagics,420,TIAN CAN,NISSAN
110048,SUMBER SEJATI,Purse Seine Big Pelagics with one boat,#N/A,#N/A,#N/A
110050,ANUGERAH  SEJATI,Purse Seine Big Pelagics with one boat,#N/A,#N/A,#N/A
114465,MERPATI -III,Purse Seine Big Pelagics with one boat,420,ARIEF SURYADI HALIM,NISSAN
114469,DEWA GUCI,Purse Seine Big Pelagics with one boat,350,SUKAMTO,NISSAN
116639,BINTANG SAMPURNA JAYA,Purse Seine Big Pelagics with one boat,340,BINTANG HARAPAN JAYA,MITSUBISHI
116925,TRI JAYA -88,Purse Seine Big Pelagics with one boat,420,TRI JAYA MAKMUR,NISSAN
123787,BINTANG ASIA -II,Purse Seine Big Pelagics with one boat,#N/A,#N/A,#N/A
123798,SEJATI JAYA,Purse Seine Big Pelagics with one boat,450,SUMBER SEJATI MARINA,NISSAN
123981,SUMAN JAYA PERKASA -XII,Purse Seine Big Pelagics with one boat,#N/A,#N/A,#N/A
124266,MAJU SETIA -1,Purse Seine Small Pelagics,290,HARTONO,MITSUBISHI
124267,MAJU SETIA -2,Purse Seine Big Pelagics with one boat,300,MAJU ABADI,NISSAN
124267,MAJU ABADI -7,Purse Seine Big Pelagics with one boat,300,MAJU ABADI,NISSAN
124476,BINTANG SAMUDRA PRO,Purse Seine Big Pelagics with one boat,420,GUNAWAN AGUSTIN,NISSAN
124737,UNITED -XX,Longline Tuna,370,UNIVERSAL SAMUDERA SUKSES,NISSAN
124778,BINTANG JAYA 28,Purse Seine Big Pelagics with one boat,350,ROGER KAMIL,NISSAN
124790,BINTANG JAYA 29,Purse Seine Big Pelagics with one boat,350,ROGER KAMIL,NISSAN
124791,BINTANG MINA SAMUDERA,Purse Seine Big Pelagics with one boat,350,ANTONI,NISSAN
125141,SUMBER JAYA VIII,Purse Seine Small Pelagics,370,SUMBER JAYA WISESA,NISSAN
125283,UNITED 30,Longline Tuna,#N/A,#N/A,#N/A
125286,UNITED - XXI,Longline Tuna,#N/A,#N/A,#N/A
125290,SUMAN JAYA PERKASA -II,Purse Seine Big Pelagics with one boat,370,SUMAN KARYA PERSADA,NISSAN
125312,JIMMY WIJAYA -29,Longline Tuna,#N/A,#N/A,#N/A
125327,SINAR MAKMUR 305,Purse Seine Big Pelagics with one boat,420,ANUGRAH NIAGA SAMUDERA,NISSAN
125346,PRIMA NUSANTARA,Purse Seine Big Pelagics with one boat,370,GRAHA INSAN SEJAHTERA,NISSAN
125523,PUTRA SUKSES MANDIRI -V,Purse Seine Big Pelagics with one boat,400,BINTANG HARAPAN JAYA,MITSUBISHI
125532,UNITED IX,Longline Tuna,#N/A,#N/A,#N/A
125536,UNITED -XXV,Longline Tuna,#N/A,#N/A,#N/A
125537,UNITED -XIV,Longline Tuna,280,UNIVERSAL SAMUDERA SUKSES,MITSUBISHI
140249,SEJATI MANDIRI,Purse Seine Big Pelagics with one boat,500,SUMBER SEJATI MARINA,NISSAN
140251,BINTANG SUKSES MANDIRI -A,Purse Seine Big Pelagics with one boat,350,BINTANG HARAPAN JAYA,MITSUBISHI
140365,AGUNG MAKMUR  XXII,Purse Seine Big Pelagics with one boat,420,VERAWATI,NISSAN
140427,UNITED -VIII,Longline Tuna,#N/A,#N/A,#N/A
140439,UNITED -26,Longline Tuna,280,CELINE YOSEPHINE,HINO
140450,PRIMA JAYA BAHARI,Purse Seine Small Pelagics,420,AGUS SUSANTO,NISSAN
140516,PUTRA SUKSES MANDIRI -A,Purse Seine Big Pelagics with one boat,350,BINTANG HARAPAN JAYA,MITSUBISHI
141222,KENCANA MAS -II,Longline Tuna,220,INDOJOY FORTUNA,MITSUBISHI
141223,JIMMY WIJAYA -25,Longline Tuna,420,CHARLYWIJAYA TUNA,NISSAN
141228,HARMONI-IV,Transporter,370,SINAR MALALUGIS MAKMUR,NISSAN
4443717,BINTANG MUTIARA V,Longline Tuna,370,SUSANA,NISSAN
4443719,BINTANG MUTIARA III,Longline Tuna,370,BUDIANTO,NISSAN
4444592,CITERA SURYA NUSANTARA -V,Longline Tuna,370,MARWAN,NISSAN
4444774,AGUNG BERKAH,Longline Tuna,370,WAHID / AL TJINTIK,NISSAN
4445002,BANDAR NELAYAN -275,Longline Tuna,370,BANDAR NELAYAN,NISSAN
4445007,PERINTIS JAYA -37,Longline Tuna,370,PERINTIS JAYA INTERNASIONAL,NISSAN
4445008,PERINTIS JAYA -88,Longline Tuna,370,PERINTIS JAYA INTERNASIONAL,NISSAN
4445802,SURYA NELAYAN,Longline Tuna,370,SUPONO,NISSAN
4449118,BANDAR NELAYAN -285,Longline Tuna,#N/A,#N/A,#N/A
4464859,HASIL MELIMPAH 23,Longline Tuna,295,DEBORA JULIATI,NISSAN
4464859,HASIL MELIMPAH -23,Longline Tuna,295,DEBORA JULIATI,NISSAN
4468791,MATSAM JAYA -08,Longline Tuna,650,AMIR,MITSUBISHI
4468791,MATSAM JAYA 08,Longline Tuna,650,AMIR,MITSUBISHI
4468856,MEKAR KENCANA 99,Purse Seine Big Pelagics with one boat,420,MEKAR KENCANA MAKMUR,NISSAN
4470891,PERINTIS JAYA -36,Longline Tuna,350,PERINTIS JAYA INTERNASIONAL,NISSAN
4470891,PERINTIS JAYA 36,Longline Tuna,350,PERINTIS JAYA INTERNASIONAL,NISSAN
4471827,HASIL LAUT 30,Longline Tuna,420,KENT HASIL LAUT,NISSAN
4471827,HASIL LAUT -30,Longline Tuna,420,KENT HASIL LAUT,NISSAN
4473484,MAULANA 16,Purse Seine Small Pelagics,370,CHANDRA GUNAWAN,NISSAN
4473484,MAULANA -16,Purse Seine Small Pelagics,370,CHANDRA GUNAWAN,NISSAN
4478983,VALLERIE -I,Longline Tuna,310,MARYONO,MITSUBISHI
4478983,VALLERIE I,Longline Tuna,310,MARYONO,MITSUBISHI
4479783,CITRA MAJU 86,Longline Tuna,#N/A,#N/A,#N/A
4481835,TRIKA SAMUDRA,Longline Tuna,#N/A,#N/A,#N/A
4483959,CROWN MARITIM -III,Transporter,#N/A,#N/A,#N/A
4483959,CROWN MARITIM III,Transporter,#N/A,#N/A,#N/A
4489866,MITRA BAHARI,Purse Seine Big Pelagics with one boat,370,WILSON MUKTAR,NISSAN
4509355,CAHAYA BUDI MAKMUR H112,Purse Seine Big Pelagics with one boat,420,CAHAYA BUDI MAKMUR,NISSAN
4509355,CAHAYA BUDI MAKMUR H-112,Purse Seine Big Pelagics with one boat,420,CAHAYA BUDI MAKMUR,NISSAN
4511087,AQUARIUS -VI,Purse Seine Big Pelagics with one boat,#N/A,#N/A,#N/A
4511087,AQUARIUS VI,Purse Seine Big Pelagics with one boat,#N/A,#N/A,#N/A
4511758,GOLDEN TUNA 66,Longline Tuna,520,GOLDEN TUNA,NISSAN
4511758,GOLDEN TUNA -66,Longline Tuna,520,GOLDEN TUNA,NISSAN
4517969,CHARLY TUNA WIJAYA -12,Longline Tuna,370,PERMATA MARINDO JAYA,NISSAN
4519262,HARAPAN BERSAMA,Purse Seine Big Pelagics with one boat,450,HARIYONO,NISSAN
4521350,JIMMY WIJAYA 26,Longline Tuna,#N/A,#N/A,#N/A
4521350,JIMMY WIJAYA -26,Longline Tuna,#N/A,#N/A,#N/A
4522622,EKA JAYA -8,Purse Seine Big Pelagics with one boat,350,TOMMY LAUREN,CUMMINS
4522622,EKA JAYA 8,Purse Seine Big Pelagics with one boat,350,TOMMY LAUREN,CUMMINS
4532211,SINAR MENTARI -02,Longline Tuna,280,SINAR MENTARI BAHARI,MITSUBISHI
4532211,SINAR MENTARI 02,Longline Tuna,280,SINAR MENTARI BAHARI,MITSUBISHI
4533258,CHARLY TUNA WIJAYA -9,Longline Tuna,420,ZHANG MARINA INDONESIA,NISSAN
4534480,PRINCESS II,Longline Tuna,#N/A,#N/A,#N/A
4534480,PRINCESS -II,Longline Tuna,#N/A,#N/A,#N/A
4536111,SETIA,Purse Seine Big Pelagics with one boat,600,RAMLI SUKI,CUMMINS
4537518,WIRTA 7,Longline Tuna,#N/A,#N/A,#N/A
4537826,STARINDO JAYA VII,Purse Seine Big Pelagics with one boat,#N/A,#N/A,#N/A
4537831,HASIL MELIMPAH II,Longline Tuna,300,BERKAH MELIMPAH JAYA,NISSAN
4537831,HASIL MELIMPAH -II,Longline Tuna,300,BERKAH MELIMPAH JAYA,NISSAN
4537834,SINAR MENTARI,Longline Tuna,280,SINAR MENTARI BAHARI,MITSUBISHI
4538663,BALI JAYA XXII,Longline Tuna,#N/A,#N/A,#N/A
4538665,BINTANG BAHAGIA 8,Purse Seine Big Pelagics with one boat,370,DJEN,NISSAN
4539565,BERKAH JAYA,Longline Tuna,#N/A,#N/A,#N/A
4541674,SIDO MUMBUL JAYA -5,Purse Seine Big Pelagics with one boat,450,TONNY SUSANTO,NISSAN
4541674,SIDO MUMBUL JAYA 5,Purse Seine Big Pelagics with one boat,450,TONNY SUSANTO,NISSAN
4541678,ANUGERAH MAKMUR,Purse Seine Big Pelagics with one boat,420,JAMES THEN SE.MM,NISSAN
4541679,HASIL MELIMPAH,Longline Tuna,#N/A,#N/A,#N/A
4541873,BAHANA MARINE -02,Longline Tuna,280,BAHANA MARINE,NISSAN
4541875,JOLO TUNDO III,Longline Tuna,#N/A,#N/A,#N/A
4542067,SAMUDERA PERKASA -18,Longline Tuna,#N/A,#N/A,#N/A
4542334,BANDAR ANGKUT JAYA -I,Transporter,#N/A,#N/A,#N/A
4542334,BANDAR ANGKUT JAYA I,Transporter,#N/A,#N/A,#N/A
4543195,MAJU ABADI II,Purse Seine Big Pelagics with one boat,300,MAJU SETIA,NISSAN
4543195,MAJU ABADI -II,Purse Seine Big Pelagics with one boat,300,MAJU SETIA,NISSAN
4544158,SUMAN JAYA PERKASA -VII,Purse Seine Big Pelagics with one boat,#N/A,#N/A,#N/A
4544159,MAULANA -17,Purse Seine Small Pelagics,370,SUANLI,NISSAN
4544159,MAULANA 17,Purse Seine Small Pelagics,370,SUANLI,NISSAN
4544920,MITRA SUKSES JAYA 88,Purse Seine Big Pelagics with one boat,420,MANTHO,NISSAN
4544920,MITRA SUKSES JAYA -88,Purse Seine Big Pelagics with one boat,420,MANTHO,NISSAN
4547315,MULIA JAYA -II,Purse Seine Big Pelagics with one boat,370,DAVIS PERKASA,NISSAN
4547315,MULIA JAYA II,Purse Seine Big Pelagics with one boat,370,DAVIS PERKASA,NISSAN
4552024,ABADI JAYA -A1,Purse Seine Big Pelagics with one boat,420,SUGINO,NISSAN
4552024,ABADI JAYA A1,Purse Seine Big Pelagics with one boat,420,SUGINO,NISSAN
4552029,FORTUNA VIII,Transporter,420,SUMAN KARYA PERSADA,NISSAN
4553613,YORDAN,Longline Tuna,420,SAMUDERA PASIFIK MANDIRI,NISSAN
4554609,CITRA EXPRESS 8,Transporter,#N/A,#N/A,#N/A
4554622,CROWN MARITIM,Hand Line Tuna,420,MAHKOTA MARITIM MAKMUR,NISSAN
4554624,KERAPU -I,Longline Tuna,#N/A,#N/A,#N/A
4554624,KERAPU I,Longline Tuna,#N/A,#N/A,#N/A
4556674,SUMAN JAYA PERKASA XVIII,Purse Seine Big Pelagics with one boat,370,SUDIANTO SUMAN,NISSAN
4556674,SUMAN JAYA PERKASA -XVIII,Purse Seine Big Pelagics with one boat,370,SUDIANTO SUMAN,NISSAN
4556760,SUMBER SEJATI II,Purse Seine Big Pelagics with one boat,500,SURYANTO,MITSUBISHI
4556760,SUMBER SEJATI -II,Purse Seine Big Pelagics with one boat,500,SURYANTO,MITSUBISHI
4556772,PUTRA WIJAYA I,Longline Tuna,240,JAYA KOTA,HINO
4558587,SEMANGAT JAYA,Purse Seine Small Pelagics,280,MUKTAR EDY,MITSUBISHI
4558587,SEMANGAT JAYA,Purse Seine Small Pelagics,280,MUKTAR EDY,MITSUBISHI
4558588,JAYA MAKMUR -III,Purse Seine Big Pelagics with one boat,#N/A,#N/A,#N/A
4560510,HANINDO -02,Longline Tuna,#N/A,#N/A,#N/A
4560510,HANINDO 02,Longline Tuna,#N/A,#N/A,#N/A
4560511,HANINDO -01,Longline Tuna,#N/A,#N/A,#N/A
4560511,HANNDO 01,Longline Tuna,#N/A,#N/A,#N/A
4562333,MARGO ABADI,Longline Tuna,#N/A,#N/A,#N/A
4564727,TETAP JAYA,Purse Seine Small Pelagics,#N/A,#N/A,#N/A
4565579,MINA NUSANTARA,Purse Seine Small Pelagics,#N/A,#N/A,#N/A
4565580,NUSANTARA BARU -II,Purse Seine Small Pelagics,320,SURIYANTO,NISSAN
4565580,NUSANTARA BARU II,Purse Seine Small Pelagics,320,SURIYANTO,NISSAN
4565582,BINTANG WIJAYA,Purse Seine Small Pelagics,320,BUDIYANTO,NISSAN
4565584,DAMASHA 5,Purse Seine Big Pelagics with one boat,420,LUCILLE RATNA HALIM,NISSAN
4565584,DAMASHA -5,Purse Seine Big Pelagics with one boat,420,LUCILLE RATNA HALIM,NISSAN
4565585,HANINDO -V,Longline Tuna,#N/A,#N/A,#N/A
4565591,PELITA HARAPAN II,Longline Tuna,420,MITRA USAHA SAMUDERA,NISSAN
4565591,PELITA HARAPAN -II,Longline Tuna,420,MITRA USAHA SAMUDERA,NISSAN
4565593,MERPATI VII,Purse Seine Big Pelagics with one boat,420,TRI ANUGERAH PASIFIK,NISSAN
4566277,REZEKI PUTRA ABADI,Purse Seine Big Pelagics with one boat,340,HARIYONO,NISSAN
4566277,REZEKI PUTERA ABADI,Purse Seine Big Pelagics with one boat,340,HARIYONO,NISSAN
4566289,KELUARGA SABENA,Purse Seine Small Pelagics,315,SUPRIADI,NISSAN
4570439,BINTANG BAHAGIA 6,Purse Seine Big Pelagics with one boat,370,A BENG,NISSAN
4570754,ANITA JAYA -I,Longline Tuna,280,OEY GIOK HWA,NISSAN
4570754,ANITA JAYA I,Longline Tuna,280,OEY GIOK HWA,NISSAN
4573726,MUTIARA ANUGRAH KENCANA,Longline Tuna,300,SUGITO HANDOKO,NISSAN
4574117,PRINCESS -I,Longline Tuna,#N/A,#N/A,#N/A
4574117,PRINCESS I,Longline Tuna,#N/A,#N/A,#N/A
4574322,KENCANA JAYA 8,Purse Seine Big Pelagics with one boat,420,SINAR LAUTAN ABADI,NISSAN
4574384,SUMBER LAUT 8,Purse Seine Big Pelagics with one boat,#N/A,#N/A,#N/A
4574523,SUMBER JAYA V,Purse Seine Big Pelagics with one boat,370,SUMBER JAYA WISESA,NISSAN
4574523,SUMBER JAYA -V,Purse Seine Big Pelagics with one boat,370,SUMBER JAYA WISESA,NISSAN
4575147,REZEKI SAMUDERA,Purse Seine Small Pelagics,360,TIO TEK HUA,MITSUBISHI
4575597,ANITA JAYA IX,Longline Tuna,295,TRIJATI,NISSAN
4575597,ANITA JAYA -IX,Longline Tuna,295,TRIJATI,NISSAN
4575603,SURYA KEMBAR,Purse Seine Small Pelagics,#N/A,#N/A,#N/A
4575603,SURYA  KEMBAR,Purse Seine Small Pelagics,#N/A,#N/A,#N/A
4575632,ABADI MAJU,Purse Seine Big Pelagics with one boat,#N/A,#N/A,#N/A
4575828,BANDAR NELAYAN -167,Longline Tuna,370,BANDAR NELAYAN,NISSAN
4575828,BANDAR NELAYAN 167,Longline Tuna,370,BANDAR NELAYAN,NISSAN
4575829,BANDAR NELAYAN 50,Longline Tuna,#N/A,#N/A,#N/A
4575829,BANDAR NELAYAN -50,Longline Tuna,#N/A,#N/A,#N/A
4584360,CROWN,Purse Seine Small Pelagics,340,MAHKOTA MARITIM MAKMUR,NISSAN
4584366,KARYA YAKIN,Purse Seine Small Pelagics,#N/A,#N/A,#N/A
4584367,KARYA SEMANGAT,Purse Seine Small Pelagics,300,MUKTAR EDY,NISSAN
4585107,GUNUNG CAHAYA BARU,Longline Tuna,#N/A,#N/A,#N/A
4585181,JAYA KOTA BERSAUDARA,Longline Tuna,#N/A,#N/A,#N/A
4585182,JAYA BALI BERSAUDARA 8,Longline Tuna,#N/A,#N/A,#N/A
4585182,JAYA BALI BERSAUDARA -8,Longline Tuna,#N/A,#N/A,#N/A
4587048,FORTUNA,Longline Tuna,350,TIO BIE HIONG,NISSAN
4587049,BANDAR BAHARI 68,Longline Tuna,#N/A,#N/A,#N/A
4587278,SEGARA TUNA,Longline Tuna,420,ZHANG MARINA INDONESIA,NISSAN
4588750,PERINTIS JAYA  168,Longline Tuna,#N/A,#N/A,#N/A
4588750,PERINTIS JAYA 168,Longline Tuna,#N/A,#N/A,#N/A
4595804,INKA MINA 363,Longline Tuna,170,BUDRI KUSTIAWAN (KUB. AMK NUSA DUA),YUCHAI
4598448,REJEKI ABADI 01,Longline Tuna,370,HUN SAN,NISSAN
4598448,REJEKI ABADI -01,Longline Tuna,370,HUN SAN,NISSAN
4598760,CAHAYA MUTIARA,Purse Seine Big Pelagics with one boat,420,ASWATI,NISSAN
4602001,LUCKY STRIKE,Longline Tuna,200,WILANDAR SUSANTO,HINO
4602944,ELANG SEPAKAT,Purse Seine Small Pelagics,370,ANDI,NISSAN
4602945,NAKAVIOTA,Longline Tuna,180,WILANDAR SUSANTO,MITSUBISHI
4605009,HORIZON -V,Purse Seine Small Pelagics,#N/A,#N/A,#N/A
4605009,HORISON V,Purse Seine Small Pelagics,#N/A,#N/A,#N/A
4608903,MASKAPAI NUSANTARA,Purse Seine Small Pelagics,320,BUDIMAN,MITSUBISHI
4611018,BANDAR NELAYAN 176,Longline Tuna,#N/A,#N/A,#N/A
4611019,SUMBER REJEKI 21,Longline Tuna,#N/A,#N/A,#N/A
4611019,SUMBER REZEKI -21,Longline Tuna,#N/A,#N/A,#N/A
4611020,BANDAR NELAYAN -80,Longline Tuna,#N/A,#N/A,#N/A
4611023,BANDAR BAHARI -20,Longline Tuna,#N/A,#N/A,#N/A
4611023,BANDAR BAHARI 20,Longline Tuna,#N/A,#N/A,#N/A
4611036,KM.UNITED -29,Longline Tuna,#N/A,#N/A,#N/A
4611036,UNITED 29,Longline Tuna,#N/A,#N/A,#N/A
4611628,CAHAYA BUDI MAKMUR F -112,Purse Seine Big Pelagics with one boat,420,BUDI,NISSAN
4611628,CAHAYA BUDI MAKMUR F 112,Purse Seine Big Pelagics with one boat,420,BUDI,NISSAN
4611629,AGUNG MAKMUR  -68,Purse Seine Big Pelagics with one boat,520,VERAWATI,ISUZU
4611629,AGUNG MAKMUR 68,Purse Seine Big Pelagics with one boat,520,VERAWATI,ISUZU
4612243,BINTANG NEW J AND J,Purse Seine Small Pelagics,#N/A,#N/A,#N/A
4612243,BINTANG  NEW J AND J,Purse Seine Small Pelagics,#N/A,#N/A,#N/A
4613305,SAMUDRA SUKSES I,Purse Seine Big Pelagics with one boat,420,YUNUS,NISSAN
4613305,SAMUDRA SUKSES -I,Purse Seine Big Pelagics with one boat,420,YUNUS,NISSAN
4613841,SURYA TERBIT 92,Longline Tuna,#N/A,#N/A,#N/A
4613844,BINA HASIL JAYA -16,Longline Tuna,370,TIO BIE HIONG,NISSAN
4613844,BINA HASIL JAYA 16,Longline Tuna,370,TIO BIE HIONG,NISSAN
4614001,UNITED -28,Longline Tuna,#N/A,#N/A,#N/A
4614001,UNITED 28,Longline Tuna,#N/A,#N/A,#N/A
4614002,UNITED 27,Longline Tuna,#N/A,#N/A,#N/A
4614855,SURYA TERBIT -95,Longline Tuna,280,TJONG GIOK BIE,ISUZU
4614855,SURYA TERBIT 95,Longline Tuna,280,TJONG GIOK BIE,ISUZU
4614857,BANDAR NELAYAN -35,Longline Tuna,370,BANDAR NELAYAN,NISSAN
4614857,BANDAR NELAYAN 35,Longline Tuna,370,BANDAR NELAYAN,NISSAN
4614859,BANDAR NELAYAN 65,Longline Tuna,370,BANDAR NELAYAN,NISSAN
4614859,BANDAR NELAYAN -65,Longline Tuna,370,BANDAR NELAYAN,NISSAN
4614862,SURYA TERBIT -93,Longline Tuna,240,TJONG GIOK BIE,HINO
4614862,SURYA TERBIT 93,Longline Tuna,240,TJONG GIOK BIE,HINO
4616421,KETAPANG JAYA -V,Longline Tuna,#N/A,#N/A,#N/A
4616421,KETAPANG JAYA V,Longline Tuna,#N/A,#N/A,#N/A
4616793,TRANS BAHARI -3,Longline Tuna,#N/A,#N/A,#N/A
4616793,TRANS BAHARI 3,Longline Tuna,#N/A,#N/A,#N/A
4618256,SURYA TERBIT 96,Longline Tuna,520,TJONG GIOK BIE,ISUZU
4618256,SURYA TERBIT -96,Longline Tuna,520,TJONG GIOK BIE,ISUZU
4619052,BANDAR BAHARI -198,Longline Tuna,370,RUSTAM,NISSAN
4619052,BANDAR BAHARI 198,Longline Tuna,370,RUSTAM,NISSAN
4619890,MAJU WIJAYA 18,Purse Seine Big Pelagics with one boat,520,HERMINA,ISUZU
4619890,MAJU WIJAYA -18,Purse Seine Big Pelagics with one boat,520,HERMINA,ISUZU
4620718,TIRTA SARI,Longline Tuna,320,SUANDI KASDI,NISSAN
4620719,INDAH SARI,Longline Tuna,320,KALIM MURNY,NISSAN
4624198,BANDAR NELAYAN -191,Longline Tuna,370,BANDAR NELAYAN,NISSAN
4624198,BANDAR NELAYAN 191,Longline Tuna,370,BANDAR NELAYAN,NISSAN
4624199,BANDAR NELAYAN -II,Longline Tuna,370,BANDAR NELAYAN,NISSAN
4624199,BANDAR NELAYAN II,Longline Tuna,370,BANDAR NELAYAN,NISSAN
4624202,SUMAN JAYA PERKASA V,Purse Seine Big Pelagics with one boat,370,SUMAN KARYA PERSADA,NISSAN
4624202,SUMAN JAYA PERKASA -V,Purse Seine Big Pelagics with one boat,370,SUMAN KARYA PERSADA,NISSAN
4624206,TANJUNG SARI 3,Longline Tuna,340,BARUNA SEGARA MANDIRI,NISSAN
4624206,TANJUNG SARI -3,Longline Tuna,340,BARUNA SEGARA MANDIRI,NISSAN
4624209,APEL MERAH,Purse Seine Big Pelagics with one boat,370,TIU LAT,NISSAN
4624562,ANITA JAYA XI,Longline Tuna,120,TRIJATI,HINO
4624562,ANITA JAYA -XI,Longline Tuna,120,TRIJATI,HINO
4624570,RAJAWALI V,Purse Seine Big Pelagics with one boat,420,HERYANTO,NISSAN
4624570,RAJAWALI -V,Purse Seine Big Pelagics with one boat,420,HERYANTO,NISSAN
4625129,SUMBER REJEKI -I,Longline Tuna,350,KOSASIH,NISSAN
4625129,SUMBER REJEKI I,Longline Tuna,350,KOSASIH,NISSAN
4625129,SUMBER REJEKI -1,Longline Tuna,350,KOSASIH,NISSAN
4625130,BANDAR BAHARI -18,Longline Tuna,#N/A,#N/A,#N/A
4625130,BANDAR BAHARI 18,Longline Tuna,#N/A,#N/A,#N/A
4625578,AMANDA 08,Longline Tuna,#N/A,#N/A,#N/A
4625578,AMANDA -08,Longline Tuna,#N/A,#N/A,#N/A
4625580,SERBA PRIMA 38,Longline Tuna,360,BERKAH BAHARI MELIMPAH,NISSAN
4625581,BANDAR BAHARI 188,Longline Tuna,350,RUSTAM,NISSAN
4625581,BANDAR BAHARI-188,Longline Tuna,350,RUSTAM,NISSAN
4628645,WIRTA -3,Longline Tuna,350,RUSTAM,NISSAN
4628645,WIRTA 3,Longline Tuna,350,RUSTAM,NISSAN
4629770,WIRTA -I,Longline Tuna,#N/A,#N/A,#N/A
4629770,WIRTA 1,Longline Tuna,#N/A,#N/A,#N/A
4631189,AKUA PASIFIC,Longline Tuna,370,BALI TUNA SEGAR,NISSAN
4633253,INTAN LAUT 8,Longline Tuna,300,SALIM,NISSAN
4633649,LINTANG JAYA 3,Longline Tuna,#N/A,#N/A,#N/A
4633649,LINTANG JAYA -3,Longline Tuna,#N/A,#N/A,#N/A
4633650,PRIMUS JAYA VIII,Longline Tuna,370,HENDRA,NISSAN
4633650,PRIMUS JAYA -VIII,Longline Tuna,370,HENDRA,NISSAN
4633651,PERINTIS JAYA 99,Longline Tuna,370,PERINTIS JAYA INTERNASIONAL,NISSAN
4633653,PERINTIS JAYA -17,Longline Tuna,370,PERINTIS JAYA INTERNASIONAL,NISSAN
4633653,PERINTIS JAYA 17,Longline Tuna,370,PERINTIS JAYA INTERNASIONAL,NISSAN
4634516,BINTANG BAHAGIA II,Longline Tuna,#N/A,#N/A,#N/A
4635802,SUMBER KASIH I,Purse Seine Small Pelagics,#N/A,#N/A,#N/A
4635802,SUMBER KASIH -I,Purse Seine Small Pelagics,#N/A,#N/A,#N/A
4641761,MAULANA 18,Purse Seine Small Pelagics,370,UMAR,NISSAN
4641761,MAULANA-18,Purse Seine Small Pelagics,370,UMAR,NISSAN
4643974,SIDO TAMBAH SANTOSO 01,Purse Seine Big Pelagics with one boat,#N/A,#N/A,#N/A
4643974,SIDO TAMBAH SANTOSO -01,Purse Seine Big Pelagics with one boat,#N/A,#N/A,#N/A
4644749,AGUNG MAKMUR -XXVII,Purse Seine Big Pelagics with one boat,370,SARTONO,NISSAN
4644749,AGUNG MAKMUR XXVII,Purse Seine Big Pelagics with one boat,370,SARTONO,NISSAN
4644951,USAHA  BARU NUSANTARA,Purse Seine Small Pelagics,#N/A,#N/A,#N/A
4644951,USAHA BARU NUSANTARA,Purse Seine Small Pelagics,#N/A,#N/A,#N/A
4645658,ABADI MAJU V,Purse Seine Big Pelagics with one boat,420,MAHKOTA MARITIM MAKMUR,NISSAN
4645658,ABADI MAJU -V,Purse Seine Big Pelagics with one boat,420,MAHKOTA MARITIM MAKMUR,NISSAN
4645659,ABADI MAJU III,Purse Seine Big Pelagics with one boat,420,MAHKOTA MARITIM MAKMUR,NISSAN
4645659,ABADI MAJU  III,Purse Seine Big Pelagics with one boat,420,MAHKOTA MARITIM MAKMUR,NISSAN
4647430,LINGSAR 17,Longline Tuna,420,NOMEN,NISSAN
4647430,LINGSAR -17,Longline Tuna,420,NOMEN,NISSAN
4651453,PESISIR ANDALAN -II,Longline Tuna,240,TANJUNG PERMAI ABADI,HINO
4651453,PESISIR ANDALAN II,Longline Tuna,240,TANJUNG PERMAI ABADI,HINO
4654462,BINTANG JAYA 1,Purse Seine Big Pelagics with one boat,420,ROBIN KAMIL,NISSAN
4657757,SUMBER JAYA VII,Purse Seine Big Pelagics with one boat,370,SUMBER JAYA WISESA,NISSAN
4657757,SUMBER JAYA -VII,Purse Seine Big Pelagics with one boat,370,SUMBER JAYA WISESA,NISSAN
4657764,JALA JAYA,Purse Seine Big Pelagics with one boat,#N/A,#N/A,#N/A
4662036,DRAKE ANSON,Purse Seine Big Pelagics with one boat,#N/A,#N/A,#N/A
4663262,SELAMAT III,Purse Seine Big Pelagics with one boat,420,NUSANTARA ARTHA PRATAMA,NISSAN
4663262,SELAMAT -III,Purse Seine Big Pelagics with one boat,420,NUSANTARA ARTHA PRATAMA,NISSAN
4663262,SELAMAT III,Purse Seine Small Pelagics,420,NUSANTARA ARTHA PRATAMA,NISSAN
4663262,SELAMAT -III,Purse Seine Small Pelagics,420,NUSANTARA ARTHA PRATAMA,NISSAN
4666881,HARAPAN JAYA PERKASA V,Purse Seine Big Pelagics with one boat,420,MAHKOTA MARITIM MAKMUR,NISSAN
4666881,HARAPAN JAYA PERKASA -V,Purse Seine Big Pelagics with one boat,420,MAHKOTA MARITIM MAKMUR,NISSAN
4666882,ABADI MAJU II,Purse Seine Big Pelagics with one boat,420,MAHKOTA MARITIM MAKMUR,NISSAN
4666882,ABADI MAJU -II,Purse Seine Big Pelagics with one boat,420,MAHKOTA MARITIM MAKMUR,NISSAN
4669390,BINTANG SEJAHTERA,Purse Seine Big Pelagics with one boat,370,CARTERR KARSO,NISSAN
4669391,INDAH JAYA -5A,Purse Seine Big Pelagics with one boat,350,SEPAKAT TJIPTA HASIL CEMERLANG,MITSUBISHI
4669391,INDAH JAYA 5,Purse Seine Big Pelagics with one boat,350,SEPAKAT TJIPTA HASIL CEMERLANG,MITSUBISHI
4669391,INDAH JAYA -5,Purse Seine Big Pelagics with one boat,350,SEPAKAT TJIPTA HASIL CEMERLANG,MITSUBISHI
4675397,PELITA ABADI,Purse Seine Small Pelagics,#N/A,#N/A,#N/A
4675788,ABADI,Purse Seine Big Pelagics with one boat,420,SUGINO,NISSAN
4678358,HARAPAN JAYA PERKASA VI,Purse Seine Big Pelagics with one boat,#N/A,#N/A,#N/A
4678358,HARAPAN JAYA PERKASA -VI,Purse Seine Big Pelagics with one boat,#N/A,#N/A,#N/A
4690566,MITRA UNGGUL,Purse Seine Big Pelagics with one boat,370,MARDI,NISSAN
4691260,SUN JAYA -V,Purse Seine Small Pelagics,370,NG BOBBY FOLENTIEN,NISSAN
4691260,SUN JAYA V,Purse Seine Small Pelagics,370,NG BOBBY FOLENTIEN,NISSAN
4692616,NUSANTARA JAYA -33,Transporter,400,JAYABALI BERSAUDARA,CUMMINS
4692616,NUSANTARA JAYA 33,Transporter,400,JAYABALI BERSAUDARA,CUMMINS
4693909,KARYA BERSAMA,Purse Seine Big Pelagics with one boat,420,SUWARDI SURYATI,NISSAN
4704755,HASIL SAMUDRA HINDIA,Purse Seine Small Pelagics,370,INTI MARINA PRATAMA,NISSAN
4704755,HASIL SAMUDERA HINDIA,Purse Seine Big Pelagics with one boat,370,INTI MARINA PRATAMA,NISSAN
4704755,HASIL SAMUDRA HINDIA,Purse Seine Big Pelagics with one boat,370,INTI MARINA PRATAMA,NISSAN
4704755,HASIL SAMUDERA HINDIA,Purse Seine Small Pelagics,370,INTI MARINA PRATAMA,NISSAN
4705299,LAUT SUBUR -II,Purse Seine Big Pelagics with one boat,600,PAHALA SAMUDERA FISHERY INDUSTRIES,CUMMINS
4714094,BINTANG MAS,Purse Seine Small Pelagics,#N/A,#N/A,#N/A
4716567,BANDAR NELAYAN -2011,Transporter,#N/A,#N/A,#N/A
4716567,BANDAR NELAYAN 2011,Transporter,#N/A,#N/A,#N/A
4722715,MARGO ASIH,Purse Seine Big Pelagics with one boat,#N/A,#N/A,#N/A
4722891,PELITA SEJATI 8,Longline Tuna,320,JAYA SAMUDERA SEJAHTERA,NISSAN
4722891,PELITA SEJATI -8,Longline Tuna,320,JAYA SAMUDERA SEJAHTERA,NISSAN
4723878,99 JAYA UTAMA 7,Purse Seine Big Pelagics with one boat,370,SEMBILAN ANUGRAH PERSADA,NISSAN
4723878,JAYA UTAMA 7,Purse Seine Big Pelagics with one boat,370,SEMBILAN ANUGRAH PERSADA,NISSAN
4725813,GARUDA JAYA V,Purse Seine Big Pelagics with one boat,370,MAHKOTA MARITIM MAKMUR,NISSAN
4729530,MULIA JAYA,Purse Seine Big Pelagics with one boat,370,KENT GUI,NISSAN
4729531,GARUDA JAYA  VI,Purse Seine Big Pelagics with one boat,420,MAHKOTA MARITIM MAKMUR,NISSAN
4729531,GARUDA JAYA VI,Purse Seine Big Pelagics with one boat,420,MAHKOTA MARITIM MAKMUR,NISSAN
4731422,CAHAYA REFORMASI,Longline Tuna,300,TRITUNGGAL LINTAS SAMUDRA,MITSUBISHI
4731799,DAMASHA II,Purse Seine Big Pelagics with one boat,420,BERKATINDO PRIMA SEJAHTERA,NISSAN
4731799,DAMASHA -II,Purse Seine Big Pelagics with one boat,420,BERKATINDO PRIMA SEJAHTERA,NISSAN
4733119,MARCEL JAYA 08,Purse Seine Big Pelagics with one boat,420,MARCELINDO CITRA LESTARI,NISSAN
4733119,MARCEL JAYA -08,Purse Seine Big Pelagics with one boat,420,MARCELINDO CITRA LESTARI,NISSAN
4735137,SUN JAYA -IV,Purse Seine Big Pelagics with one boat,420,SURYA FAJAR BAHARI,NISSAN
4735137,SUN JAYA IV,Purse Seine Big Pelagics with one boat,420,SURYA FAJAR BAHARI,NISSAN
4737076,SUKSES WIJAYA -68,Purse Seine Big Pelagics with one boat,#N/A,#N/A,#N/A
4737076,SUKSES WIJAYA 68,Purse Seine Big Pelagics with one boat,#N/A,#N/A,#N/A
4737769,BANDAR NELAYAN -156,Longline Tuna,370,BANDAR NELAYAN,NISSAN
4737769,BANDAR NELAYAN 156,Longline Tuna,370,BANDAR NELAYAN,NISSAN
4739130,INFINITY -I,Purse Seine Small Pelagics,420,SUMBER SAMUDRA SEJAHTERA,NISSAN
4739130,INFINITY I,Purse Seine Big Pelagics with one boat,420,SUMBER SAMUDRA SEJAHTERA,NISSAN
4739130,INFINITY I,Purse Seine Small Pelagics,420,SUMBER SAMUDRA SEJAHTERA,NISSAN
4739130,INFINITY -I,Purse Seine Big Pelagics with one boat,420,SUMBER SAMUDRA SEJAHTERA,NISSAN
4743786,MEKAR SEJATI,Purse Seine Big Pelagics with one boat,#N/A,#N/A,#N/A
4748744,NAILI XX,Transporter,425,SAMUDERA MAKARIKI MANDIRI,NISSAN
4748744,NAILI -XX,Transporter,425,SAMUDERA MAKARIKI MANDIRI,NISSAN
4749782,CHELSEA RATNA WIJAYA,Purse Seine Small Pelagics,420,DANIL,NISSAN
4752123,KENNEDI INDAH,Purse Seine Big Pelagics with one boat,350,MUSNALIADI,NISSAN
4760671,HARAPAN JAYA PERKASA III,Purse Seine Big Pelagics with one boat,370,MAHKOTA MARITIM MAKMUR,NISSAN
4760671,HARAPAN JAYA PERKASA -III,Purse Seine Big Pelagics with one boat,370,MAHKOTA MARITIM MAKMUR,NISSAN
4770580,DAMASHA -I,Purse Seine Big Pelagics with one boat,420,JHON RENDRA TJAHJADI,NISSAN
4770870,SERASI BERSAMA,Purse Seine Big Pelagics with one boat,420,AMAN INDAYANG,NISSAN
4772970,SAMUDRA HINDIA,Purse Seine Big Pelagics with one boat,420,LAUTAN BAHARI SEJAHTERA,NISSAN
4779411,DWI SUKSES SEJAHTERA,Longline Tuna,#N/A,#N/A,#N/A
4782406,PUTERA KENNEDI,Purse Seine Big Pelagics with one boat,350,MUSNALIADI,NISSAN
4782406,PUTRA KENNEDI,Purse Seine Big Pelagics with one boat,350,MUSNALIADI,NISSAN
4784385,SUN-SUN  LILI,Purse Seine Big Pelagics with one boat,420,KHA BAN,NISSAN
4784385,SUN SUN LILI,Purse Seine Big Pelagics with one boat,420,KHA BAN,NISSAN
4784385,SUN SUN  LI LI,Purse Seine Big Pelagics with one boat,420,KHA BAN,NISSAN
4789537,NUSANTARA INDAH JAYA,Purse Seine Small Pelagics,#N/A,#N/A,#N/A
4794569,GARUDA JAYA II,Purse Seine Big Pelagics with one boat,420,MAHKOTA MARITIM MAKMUR,NISSAN
4794569,GARUDA JAYA -II,Purse Seine Big Pelagics with one boat,420,MAHKOTA MARITIM MAKMUR,NISSAN
4805190,TUNA JAYA 111,Longline Tuna,#N/A,#N/A,#N/A
4805191,DAMARINA 108,Longline Tuna,#N/A,#N/A,#N/A
4805191,DAMARINA -108,Longline Tuna,#N/A,#N/A,#N/A
4807673,JALA JAYA -III,Purse Seine Big Pelagics with one boat,350,ANUGERAH SAMUDERA HINDIA,NISSAN
4807673,JALA JAYA III,Purse Seine Big Pelagics with one boat,350,ANUGERAH SAMUDERA HINDIA,NISSAN
4812955,TEGUH BINTANG UNITED,Purse Seine Big Pelagics with one boat,350,SUSANTO,NISSAN
4816209,SURYA TERBIT 109,Longline Tuna,520,BALI MINA MANDIRI,ISUZU
4816209,SURYA TERBIT -109,Longline Tuna,520,BALI MINA MANDIRI,ISUZU
4816210,FRANSISKA,Longline Tuna,#N/A,#N/A,#N/A
4816212,BANDAR NELAYAN -2009,Transporter,#N/A,#N/A,#N/A
4816212,BANDAR NELAYAN 2009,Transporter,#N/A,#N/A,#N/A
4816217,BANDAR NELAYAN 2010,Transporter,370,BANDAR NELAYAN,NISSAN
4816217,BANDAR NELAYAN -2010,Transporter,370,BANDAR NELAYAN,NISSAN
4822400,HARAPAN JAYA PERKASA II,Purse Seine Big Pelagics with one boat,350,NARDY,NISSAN
4822400,HARAPAN JAYA PERKASA -II,Purse Seine Big Pelagics with one boat,350,NARDY,NISSAN
4823824,MEKAR KENCANA 05,Purse Seine Big Pelagics with one boat,370,MEKAR KENCANA MAKMUR,NISSAN
4823824,MEKAR KENCANA -05,Purse Seine Big Pelagics with one boat,370,MEKAR KENCANA MAKMUR,NISSAN
4841645,GOLDEN TUNA -168,Longline Tuna,330,GOLDEN TUNA,MITSUBISHI
4841645,GOLDEN TUNA 168,Longline Tuna,330,GOLDEN TUNA,MITSUBISHI
4841648,SURYA TERANG 02,Longline Tuna,370,THAM FUK TJIN,NISSAN
4841658,REZEKI INDAH,Purse Seine Small Pelagics,#N/A,#N/A,#N/A
4848497,TRI MINA PRIMA,Purse Seine Big Pelagics with one boat,#N/A,#N/A,#N/A
4861499,MATSAM 05,Longline Tuna,420,BUANA LINGSAR SAMUDRA,NISSAN
4861499,MATSAM -05,Longline Tuna,420,BUANA LINGSAR SAMUDRA,NISSAN
4861499,MATSAM -5,Longline Tuna,420,BUANA LINGSAR SAMUDRA,NISSAN
4861997,DAYA BAHARI NUSANTARA -26,Longline Tuna,500,GOLDEN TUNA,NISSAN
4867764,GOLDEN TUNA 88,Longline Tuna,330,GOLDEN TUNA,MITSUBISHI
4867764,GOLDEN TUNA -88,Longline Tuna,330,GOLDEN TUNA,MITSUBISHI
4867765,HEN 8,Longline Tuna,#N/A,#N/A,#N/A
4867765,HEN -8,Longline Tuna,#N/A,#N/A,#N/A
4872407,ARTA MINA -III,Longline Tuna,300,ARTA MINA JAYA,MITSUBISHI
4872409,SETIA MAKMUR,Purse Seine Big Pelagics with one boat,420,TRI JAYA MAKMUR,NISSAN
4878126,MEKAR KENCANA 03,Purse Seine Big Pelagics with one boat,420,MEKAR KENCANA MAKMUR,NISSAN
4878126,MEKAR KENCANA -03,Purse Seine Big Pelagics with one boat,420,MEKAR KENCANA MAKMUR,NISSAN
4887545,CHIU SHIH 8,Longline Tuna,#N/A,#N/A,#N/A
4887545,CHIU SHIH -8,Longline Tuna,#N/A,#N/A,#N/A
4887551,LINGSAR -06,Transporter,380,BUANA LINGSAR SAMUDRA,NISSAN
4887551,LINGSAR 06,Transporter,380,BUANA LINGSAR SAMUDRA,NISSAN
4887561,GARUDA JAYA,Purse Seine Big Pelagics with one boat,370,MAHKOTA MARITIM MAKMUR,NISSAN
4887573,JAYA WIJAYA -II,Longline Tuna,#N/A,#N/A,#N/A
4887573,JAYA WIJAYA II,Longline Tuna,#N/A,#N/A,#N/A
4892546,LINGSAR 07,Longline Tuna,280,AMIR,NISSAN
4892546,LINGSAR -07,Longline Tuna,280,AMIR,NISSAN
4893675,CAHAYA MUTIARA 28,Transporter,#N/A,#N/A,#N/A
4893675,CAHAYA MUTIARA -28,Transporter,#N/A,#N/A,#N/A
4905063,INDAH JAYA -II,Purse Seine Small Pelagics,370,SEPAKAT TJIPTA HASIL CEMERLANG,NISSAN
4905063,INDAH JAYA II,Purse Seine Small Pelagics,370,SEPAKAT TJIPTA HASIL CEMERLANG,NISSAN
4905088,BINTANG SAMUDRA -88,Longline Tuna,#N/A,#N/A,#N/A
4905088,BINTANG SAMUDRA 88,Longline Tuna,#N/A,#N/A,#N/A
4905089,BAHARI -101,Transporter,700,CHARLYWIJAYA TUNA,CUMMINS
4905089,BAHARI 101,Transporter,700,CHARLYWIJAYA TUNA,CUMMINS
4905093,BANDAR NELAYAN 60,Longline Tuna,#N/A,#N/A,#N/A
4905093,BANDAR NELAYAN -60,Longline Tuna,#N/A,#N/A,#N/A
4905094,BANDAR NELAYAN -55,Longline Tuna,#N/A,#N/A,#N/A
4905094,BANDAR NELAYAN 55,Longline Tuna,#N/A,#N/A,#N/A
4905095,BANDAR NELAYAN -VI,Longline Tuna,350,BANDAR NELAYAN,NISSAN
4905095,BANDAR NELAYAN VI,Longline Tuna,350,BANDAR NELAYAN,NISSAN
4905100,SUN RISE VI,Purse Seine Big Pelagics with one boat,#N/A,#N/A,#N/A
4905105,HARAPAN JAYA -XVII,Purse Seine Big Pelagics with one boat,#N/A,#N/A,#N/A
4907109,SURYA TERANG 02,Purse Seine Small Pelagics,370,KARYA MARITIM INDO,NISSAN
4907109,SURYA TERANG -02,Purse Seine Small Pelagics,370,KARYA MARITIM INDO,NISSAN
4907110,ELANG SEPAKAT BARU,Purse Seine Small Pelagics,370,SUWARDI TEJA,NISSAN
4907136,BAHARI 19,Longline Tuna,380,FARIDA,GUASCOAR
4908172,MILLINIUM,Purse Seine Small Pelagics,#N/A,#N/A,#N/A
4908175,HARAPAN JAYA PERKASA,Purse Seine Big Pelagics with one boat,350,NARDY,NISSAN
4912796,SAMUDERA PERMAI,Purse Seine Small Pelagics,420,ISKAK KENANGA,NISSAN
4912802,CITRA EXPRESS -VII,Purse Seine Big Pelagics with one boat,#N/A,#N/A,#N/A
4912802,CITRA EXPRESS VII,Purse Seine Big Pelagics with one boat,#N/A,#N/A,#N/A
4917041,BALI JAYA 188,Longline Tuna,380,PUTRA JAYAKOTA,NISSAN
4917041,BALI JAYA -188,Longline Tuna,380,PUTRA JAYAKOTA,NISSAN
4917042,LESTARI -VII,Hand Line Tuna,353,BALI MINA MANDIRI,NISSAN
4917042,LESTARI VII,Hand Line Tuna,353,BALI MINA MANDIRI,NISSAN
4918050,BANYU URIP MAKMUR -88,Purse Seine Big Pelagics with one boat,350,IWANDI KARSO,NISSAN
4918050,BANYU URIP MAKMUR 88,Purse Seine Big Pelagics with one boat,350,IWANDI KARSO,NISSAN
4922192,SANG JAYA,Longline Tuna,370,STARINDO JAYA MAJU,NISSAN
4926112,CHIU SHIH -05,Longline Tuna,#N/A,#N/A,#N/A
4926112,CHIU SHIH 05,Longline Tuna,#N/A,#N/A,#N/A
4926114,BANDAR NELAYAN -238,Longline Tuna,#N/A,#N/A,#N/A
4926114,BANDAR NELAYAN 238,Longline Tuna,#N/A,#N/A,#N/A
4926115,FELICIA 88,Longline Tuna,#N/A,#N/A,#N/A
4926119,BANDAR NELAYAN XXI,Longline Tuna,350,BANDAR NELAYAN,NISSAN
4926119,BANDAR NELAYAN -XXI,Longline Tuna,350,BANDAR NELAYAN,NISSAN
4926124,BAHARI 89,Longline Tuna,500,PAHALA BAHARI BALI,CUMMINS
4926124,BAHARI -89,Longline Tuna,500,PAHALA BAHARI BALI,CUMMINS
4933511,BANDAR NELAYAN 277,Longline Tuna,370,BANDAR NELAYAN,NISSAN
4933511,BANDAR NELAYAN -277,Longline Tuna,370,BANDAR NELAYAN,NISSAN
4933524,BANDAR NELAYAN 31,Longline Tuna,370,BANDAR NELAYAN,NISSAN
4933524,BANDAR NELAYAN -31,Longline Tuna,370,BANDAR NELAYAN,NISSAN
4933527,BANDAR NELAYAN -271,Transporter,370,BANDAR NELAYAN,NISSAN
4934258,BINTANG SAMUDERA 07,Longline Tuna,#N/A,#N/A,#N/A
4934267,PULAU MAS RAYA I,Longline Tuna,370,SUGIANTO,NISSAN
4934267,PULAU MAS RAYA -I,Longline Tuna,370,SUGIANTO,NISSAN
4934269,BINTANG BAHAGIA,Longline Tuna,350,MARHAGOMO,NISSAN
4935243,CITRA MAJU 82,Longline Tuna,520,BALI MINA MANDIRI,ISUZU
4935243,CITRA MAJU -82,Longline Tuna,520,BALI MINA MANDIRI,ISUZU
4935247,BANDAR NELAYAN 226,Longline Tuna,370,BANDAR NELAYAN,NISSAN
4935247,BANDAR NELAYAN -226,Longline Tuna,370,BANDAR NELAYAN,NISSAN
4935251,NELAYAN JAYA,Longline Tuna,300,SUGITO HANDOKO,NISSAN
4939206,BANDAR NELAYAN -27,Longline Tuna,#N/A,#N/A,#N/A
4939206,BANDAR NELAYAN 27,Longline Tuna,#N/A,#N/A,#N/A
4939213,CHIU SHIH 01,Longline Tuna,#N/A,#N/A,#N/A
4939216,BAHARI -699,Longline Tuna,600,PAHALA BAHARI BALI,CUMMINS
4939216,BAHARI 699 (Eks HEN -9),Longline Tuna,600,PAHALA BAHARI BALI,CUMMINS
4939765,HARAPAN JAYA  -XXIII,Purse Seine Big Pelagics with one boat,420,HASIL ALAM SAMUDERA,NISSAN
4939765,HARAPAN JAYA -XXII,Purse Seine Big Pelagics with one boat,420,HASIL ALAM SAMUDERA,NISSAN
4939765,HARAPAN JAYA XXII,Purse Seine Big Pelagics with one boat,420,HASIL ALAM SAMUDERA,NISSAN
4941353,BAHARI -09,Longline Tuna,#N/A,#N/A,#N/A
4941353,BAHARI 09,Longline Tuna,#N/A,#N/A,#N/A
4941356,SURYA TERBIT 169,Longline Tuna,#N/A,#N/A,#N/A
4941361,BANDAR NELAYAN -XII,Longline Tuna,380,BANDAR NELAYAN,NISSAN
4941361,BANDAR NELAYAN XII,Longline Tuna,380,BANDAR NELAYAN,NISSAN
4941363,LULU MARINA 8,Longline Tuna,#N/A,#N/A,#N/A
4941366,BAHARI 116,Longline Tuna,700,PAHALA BAHARI BALI,CUMMINS
4941366,BAHARI -116,Longline Tuna,700,PAHALA BAHARI BALI,CUMMINS
4941369,BINTANG TUNA BAHARI,Longline Tuna,300,ANG SIONG TONG,MITSUBISHI
4941370,PRIMUS JAYA,Longline Tuna,370,CHANDRA,NISSAN
4941371,WIJAYA ABADI VI,Longline Tuna,370,BERKAH BAHARI MELIMPAH,NISSAN
4941371,WIJAYA ABADI -VI,Longline Tuna,370,BERKAH BAHARI MELIMPAH,NISSAN
4942456,BANDAR NELAYAN 128,Longline Tuna,370,BANDAR NELAYAN,NISSAN
4942458,BANDAR NELAYAN 108,Longline Tuna,370,BANDAR NELAYAN,NISSAN
4942458,BANDAR NELAYAN -108,Longline Tuna,370,BANDAR NELAYAN,NISSAN
4942460,BANDAR NELAYAN 288,Longline Tuna,370,BANDAR NELAYAN,NISSAN
4942460,BANDAR NELAYAN -288,Longline Tuna,370,BANDAR NELAYAN,NISSAN
4942462,BORNEO JAYA -II,Longline Tuna,350,JAYA KOTA,NISSAN
4942462,BORNEO JAYA II,Longline Tuna,350,JAYA KOTA,NISSAN
4942463,BANDAR NELAYAN 123,Longline Tuna,370,BANDAR NELAYAN,NISSAN
4942465,BANDAR NELAYAN 208,Longline Tuna,370,BANDAR NELAYAN,NISSAN
4944855,HEN 6,Longline Tuna,#N/A,#N/A,#N/A
4944855,HEN -6,Longline Tuna,#N/A,#N/A,#N/A
4944861,BAHARI -688,Longline Tuna,600,SENDY DORA DISA,CUMMINS
4944861,BAHARI 688,Longline Tuna,600,SENDY DORA DISA,CUMMINS
4944869,MEKAR JAYA ABADI,Longline Tuna,390,PUTRA JAYAKOTA,CUMMINS
4944872,SAMUDRA TUNA NUSANTARA 01,Longline Tuna,600,GOLDEN TUNA,MITSUBISHI
4944872,SAMUDRA TUNA NUSANTARA -01,Longline Tuna,600,GOLDEN TUNA,MITSUBISHI
4945328,INFINITY II,Purse Seine Big Pelagics with one boat,420,SUMBER SAMUDRA SEJAHTERA,NISSAN
4945328,INFINITY -II,Purse Seine Big Pelagics with one boat,420,SUMBER SAMUDRA SEJAHTERA,NISSAN
4946315,FORTUNA -VI,Purse Seine Big Pelagics with one boat,370,SUMAN KARYA PERSADA,NISSAN
4946315,FORTUNA VI,Purse Seine Big Pelagics with one boat,370,SUMAN KARYA PERSADA,NISSAN
4949244,MAHAKAM,Longline Tuna,380,BINTANG JAYAKOTA MANDIRI,NISSAN
4949247,BAHARI -6,Longline Tuna,640,PAHALA BAHARI BALI,CUMMINS
4949247,BAHARI 6,Longline Tuna,640,PAHALA BAHARI BALI,CUMMINS
4949249,BINA HASIL -I,Longline Tuna,370,GOLDEN TUNA,NISSAN
4949249,BINA HASIL I,Longline Tuna,370,GOLDEN TUNA,NISSAN
4949257,JIMMY WIJAYA 38,Longline Tuna,720,CHARLYWIJAYA TUNA,MITSUBISHI
4949257,JIMMY WIJAYA -38,Longline Tuna,720,CHARLYWIJAYA TUNA,MITSUBISHI
4949266,MEKAR KENCANA,Purse Seine Big Pelagics with one boat,370,MEKAR KENCANA MAKMUR,NISSAN
4949299,SURYA EKA SAKTI,Longline Tuna,#N/A,#N/A,#N/A
4949300,JIMMY INDAH -VIII,Longline Tuna,#N/A,#N/A,#N/A
4949300,JIMMY INDAH VIII,Longline Tuna,#N/A,#N/A,#N/A
4949302,HENTRI -II,Longline Tuna,#N/A,#N/A,#N/A
4949302,HENTRI II,Longline Tuna,#N/A,#N/A,#N/A
4949306,BANDAR NELAYAN -188,Transporter,#N/A,#N/A,#N/A
4949306,BANDAR NELAYAN 188,Transporter,#N/A,#N/A,#N/A
4949308,BALI JAYA III,Longline Tuna,280,PUTRA JAYAKOTA,NISSAN
4949308,BALI JAYA -III,Longline Tuna,280,PUTRA JAYAKOTA,NISSAN
4949322,DANAU TOBA INDAH -IX,Purse Seine Big Pelagics with one boat,420,HORISON SULYSTIO,NISSAN
4949322,DANAU TOBA INDAH XI,Purse Seine Big Pelagics with one boat,420,HORISON SULYSTIO,NISSAN
4949322,DANAU TOBA INDAH  XI,Purse Seine Big Pelagics with one boat,420,HORISON SULYSTIO,NISSAN
4949323,DANAU TOBA INDAH 9,Purse Seine Big Pelagics with one boat,#N/A,#N/A,#N/A
4949323,DANAU TOBA INDAH -IX,Purse Seine Big Pelagics with one boat,#N/A,#N/A,#N/A
4952101,KM. CITRA MAJU -18,Purse Seine Big Pelagics with one boat,520,GLOBAL PAHALA SAMUDERA,ISUZU
4952101,CITRA MAJU 18,Purse Seine Big Pelagics with one boat,520,GLOBAL PAHALA SAMUDERA,ISUZU
4952103,JIMMY WIJAYA 23,Longline Tuna,420,CHARLYWIJAYA TUNA,NISSAN
4952112,USAHA MAJU -I,Purse Seine Big Pelagics with one boat,#N/A,#N/A,#N/A
4952112,USAHA MAJU I,Purse Seine Big Pelagics with one boat,#N/A,#N/A,#N/A
4952132,JIMMY WIJAYA 30,Longline Tuna,370,CHARLYWIJAYA TUNA,NISSAN
4952216,SINAR ARINDO -36,Purse Seine Big Pelagics with one boat,370,SINAR ARINDO SEMESTA,NISSAN
4952216,SINAR ARINDO 36,Purse Seine Big Pelagics with one boat,370,SINAR ARINDO SEMESTA,NISSAN
4953775,MEKAR GLORIA UTAMA,Longline Tuna,#N/A,#N/A,#N/A
4953776,BALI NUSA 8,Longline Tuna,370,CHARLES,NISSAN
4953776,BALI NUSA -8,Longline Tuna,370,CHARLES,NISSAN
4953781,REJEKI CEMERLANG,Longline Tuna,350,PUTRA JAYAKOTA,NISSAN
4954519,NAILI -XXI,Transporter,700,SUASAN,CUMMINS
4954519,NAILI XXI,Transporter,700,SUASAN,CUMMINS
4955185,JAYA BALI B-03,Longline Tuna,420,JAYABALI BERSAUDARA,NISSAN
4955185,JAYA BALI -B.03,Longline Tuna,420,JAYABALI BERSAUDARA,NISSAN
4955186,SURYA TERBIT,Longline Tuna,520,ANTON WIJAYA TAN,ISUZU
4955190,SURYA TERBIT 168,Longline Tuna,#N/A,#N/A,#N/A
4955190,SURYA TERBIT NO. 168,Longline Tuna,#N/A,#N/A,#N/A
4955191,BINTANG ASIA,Purse Seine Big Pelagics with one boat,350,IJIJ KIAT,NISSAN
4955200,SUN RISE I,Purse Seine Big Pelagics with one boat,370,MULTI MEGAH MANUNGGAL,NISSAN
4955200,SUN RISE -I,Purse Seine Big Pelagics with one boat,370,MULTI MEGAH MANUNGGAL,NISSAN
4955202,LUCKY STEP,Purse Seine Big Pelagics with one boat,370,HASAN,NISSAN
4956244,BANDAR NELAYAN -202,Longline Tuna,370,BANDAR NELAYAN,NISSAN
4956244,WISH ME LUCK 168,Longline Tuna,370,BANDAR NELAYAN,NISSAN
4956245,BAHARI 07,Longline Tuna,380,PAHALA BAHARI BALI,MTU
4956245,BAHARI -07,Longline Tuna,380,PAHALA BAHARI BALI,MTU
4956258,PERINTIS JAYA VI,Longline Tuna,#N/A,#N/A,#N/A
4956262,BANDAR NELAYAN 16,Longline Tuna,370,BANDAR NELAYAN,NISSAN
4956262,BANDAR NELAYAN -16,Longline Tuna,370,BANDAR NELAYAN,NISSAN
4956264,FRANSISKA 88,Longline Tuna,#N/A,#N/A,#N/A
4956264,FRANSISKA -88,Longline Tuna,#N/A,#N/A,#N/A
4956265,SURYA TERBIT 08,Transporter,#N/A,#N/A,#N/A
4956287,MITRA SAMUDRA ABADI,Squid hooking,420,WENY YUHADI,NISSAN
4956289,JIMMY WIJAYA 15,Longline Tuna,420,CHARLYWIJAYA TUNA,NISSAN
4956289,JIMMY WIJAYA -15,Longline Tuna,420,CHARLYWIJAYA TUNA,NISSAN
4956355,MEKAR GLORIA,Longline Tuna,#N/A,#N/A,#N/A
4956358,JIMMY INDAH -VI,Longline Tuna,#N/A,#N/A,#N/A
4956358,JIMMY INDAH VI,Longline Tuna,#N/A,#N/A,#N/A
4956372,MAHAKAM JAYA,Longline Tuna,350,PUTRA JAYAKOTA,NISSAN
4956382,JIMMY WIJAYA 11,Transporter,1030,BANDAR NELAYAN,MITSUBISHI
4956382,BANDAR NELAYAN -210,Transporter,1030,BANDAR NELAYAN,MITSUBISHI
4956394,CITRA MAJU 08,Purse Seine Big Pelagics with one boat,520,RENITA VELESTIKA,ISUZU
4956394,CITRA MAJU -08,Purse Seine Big Pelagics with one boat,520,RENITA VELESTIKA,ISUZU
4957177,BANDAR NELAYAN -102,Longline Tuna,370,BANDAR NELAYAN,NISSAN
4957177,BANDAR NELAYAN 102,Longline Tuna,370,BANDAR NELAYAN,NISSAN
4957186,MEKAR MANDIRI,Longline Tuna,350,PUTRA JAYAKOTA,NISSAN
4957194,JIMMY WIJAYA -24,Longline Tuna,#N/A,#N/A,#N/A
4957194,JIMMY WIJAYA 24,Longline Tuna,#N/A,#N/A,#N/A
4957403,BANDAR NELAYAN -17,Longline Tuna,350,BANDAR NELAYAN,NISSAN
4957403,BANDAR NELAYAN 17,Longline Tuna,350,BANDAR NELAYAN,NISSAN
4957438,TAO TOBA JAYA -X,Purse Seine Big Pelagics with one boat,350,SUMBER SAMUDRA SEJAHTERA,NISSAN
4957438,TAO TOBA JAYA X,Purse Seine Small Pelagics,350,SUMBER SAMUDRA SEJAHTERA,NISSAN
4957438,TAO TOBA JAYA -X,Purse Seine Small Pelagics,350,SUMBER SAMUDRA SEJAHTERA,NISSAN
4957438,TAO TOBA JAYA X,Purse Seine Big Pelagics with one boat,350,SUMBER SAMUDRA SEJAHTERA,NISSAN
4958132,SUGIH ABADI JAYA,Purse Seine Small Pelagics,370,SUGIMAN SURYA,NISSAN
4958149,JIMMY INDAH IV,Longline Tuna,#N/A,#N/A,#N/A
4958154,ALAM SEKAR,Purse Seine Big Pelagics with one boat,420,SINAR LAUTAN ABADI,NISSAN
4958161,SUMAN JAYA PERKASA IX,Purse Seine Big Pelagics with one boat,#N/A,#N/A,#N/A
4958161,SUMAN JAYA PERKASA -IX,Purse Seine Big Pelagics with one boat,#N/A,#N/A,#N/A
4958162,BINTANG KASIH UTAMA,Longline Tuna,350,BINTANG JAYAKOTA MANDIRI,NISSAN
4958946,HEN II,Longline Tuna,370,BALI TUNA SEGAR,NISSAN
4958946,HEN -II,Longline Tuna,370,BALI TUNA SEGAR,NISSAN
4958947,BALI PERMAI 189,Longline Tuna,385,PUTRA JAYAKOTA,NISSAN
4958954,BENOA JAYA,Longline Tuna,380,PUTRA JAYAKOTA,NISSAN
4958956,DWI SUKSES SAMUDRA,Purse Seine Big Pelagics with one boat,350,MANDIRI JAYA SAMUDRA,NISSAN
4958966,FELICIA 18,Longline Tuna,#N/A,#N/A,#N/A
4958980,SURYA TERANG 88,Longline Tuna,500,GOLDEN TUNA,CUMMINS
4958980,SURYA TERANG -88,Longline Tuna,500,GOLDEN TUNA,CUMMINS
4958982,DWI SUKSES LESTARI,Longline Tuna,#N/A,#N/A,#N/A
4960946,JASA MINA UTAMA -I,Longline Tuna,350,KARTIMAN,NISSAN
4960946,JASA MINA UTAMA I,Longline Tuna,350,KARTIMAN,NISSAN
4960947,NAILI XVIII,Longline Tuna,600,SAMUDRA MANDIRI SELATAN,MITSUBISHI
4960947,NAILI XVIII,Oceanic gillnet,600,SAMUDRA MANDIRI SELATAN,MITSUBISHI
4960947,NAILI -XVIII,Oceanic gillnet,600,SAMUDRA MANDIRI SELATAN,MITSUBISHI
4960947,NAILI -XVIII,Longline Tuna,600,SAMUDRA MANDIRI SELATAN,MITSUBISHI
4960949,BALI PERMAI -169,Longline Tuna,#N/A,#N/A,#N/A
4960949,BALI PERMAI 169,Longline Tuna,#N/A,#N/A,#N/A
4960951,PULAU CENDRAWASIH 3,Purse Seine Big Pelagics with one boat,420,MARKUN,NISSAN
4960951,PULAU CENDRAWASIH III,Purse Seine Big Pelagics with one boat,420,MARKUN,NISSAN
4960952,SAMINDO 01,Purse Seine Big Pelagics with one boat,420,VELISYA,NISSAN
4960960,MUTIARA SARI,Longline Tuna,#N/A,#N/A,#N/A
4960970,DANAU TOBA INDAH -VII,Purse Seine Big Pelagics with one boat,420,SUHANTO SULYSTIO,NISSAN
4960970,DANAU TOBA INDAH VII,Purse Seine Big Pelagics with one boat,420,SUHANTO SULYSTIO,NISSAN
4960971,RAJAWALI I,Purse Seine Big Pelagics with one boat,370,HERYANTO,NISSAN
4960971,RAJAWALI -I,Purse Seine Big Pelagics with one boat,370,HERYANTO,NISSAN
4960973,LANGSUNG JAYA CEMERLANG,Transporter,370,ANAVY,NISSAN
4960973,GEMINI II,Transporter,370,ANAVY,NISSAN
4961338,JAYA BALI BERSAUDARA -V,Longline Tuna,#N/A,#N/A,#N/A
4961338,JAYA BALI BERSAUDARA V,Longline Tuna,#N/A,#N/A,#N/A
4961339,BAHARI 368,Longline Tuna,600,PAHALA BAHARI BALI,CUMMINS
4961346,BANDAR NELAYAN -168,Longline Tuna,#N/A,#N/A,#N/A
4961346,BANDAR NELAYAN 168,Longline Tuna,#N/A,#N/A,#N/A
4961347,FELICIA -08,Longline Tuna,#N/A,#N/A,#N/A
4961347,FELICIA -8,Longline Tuna,#N/A,#N/A,#N/A
4961348,BALI PERMAI 68,Longline Tuna,#N/A,#N/A,#N/A
4961348,BALI PERMAI -68,Longline Tuna,#N/A,#N/A,#N/A
4961349,BANDAR NELAYAN -126,Longline Tuna,370,BANDAR NELAYAN,NISSAN
4961349,BANDAR NELAYAN 126,Longline Tuna,370,BANDAR NELAYAN,NISSAN
4961352,CHIU SHIH -02,Longline Tuna,#N/A,#N/A,#N/A
4961352,CHIU SHIH 02,Longline Tuna,#N/A,#N/A,#N/A
4961354,HEN,Longline Tuna,370,BALI TUNA SEGAR,NISSAN
4961356,BANDAR NELAYAN -127,Longline Tuna,370,BANDAR NELAYAN,NISSAN
4961356,BANDAR NELAYAN 127,Longline Tuna,370,BANDAR NELAYAN,NISSAN
4961357,FRANSISKA 6,Longline Tuna,#N/A,#N/A,#N/A
4961357,FRANSISKA -6,Longline Tuna,#N/A,#N/A,#N/A
4962006,FUJIYAMA,Longline Tuna,420,NG KAMARUDIN,NISSAN
4962008,NUSANTARA INDAH -III,Purse Seine Big Pelagics with one boat,360,DEVI KENANGA,NISSAN
4962010,MITRA MAJU BAHARI,Hand Line Tuna,370,ARIFIN JAYA,NISSAN
4964124,HEN -I,Longline Tuna,#N/A,#N/A,#N/A
4964126,BAHARI -268,Longline Tuna,350,PAHALA BAHARI BALI,GUASCOR
4964128,PERINTIS JAYA 68,Longline Tuna,#N/A,#N/A,#N/A
4964128,PERINTIS JAYA -68,Longline Tuna,#N/A,#N/A,#N/A
4964129,BAHARI -689,Longline Tuna,380,HASNAN,CUMMINS
4964130,BANDAR NELAYAN -280,Longline Tuna,#N/A,#N/A,#N/A
4964837,BANDAR NELAYAN -26,Longline Tuna,370,BANDAR NELAYAN,NISSAN
4964837,BANDAR NELAYAN 26,Longline Tuna,370,BANDAR NELAYAN,NISSAN
4964850,BANDAR NELAYAN XI,Longline Tuna,350,BANDAR NELAYAN,NISSAN
4964852,BALI PERMAI VIII,Longline Tuna,#N/A,#N/A,#N/A
4964854,PERINTIS JAYA VII,Longline Tuna,#N/A,#N/A,#N/A
4964854,PERINTIS JAYA -VII,Longline Tuna,#N/A,#N/A,#N/A
4965253,BINTANG MUTIARA XVIII,Longline Tuna,370,ERNAWATI,NISSAN
4965257,BALI PERMAI -1,Longline Tuna,280,PUTRA JAYAKOTA,NISSAN
4965257,BALI PERMAI 1,Longline Tuna,280,PUTRA JAYAKOTA,NISSAN
4965258,PURNAMA 168,Longline Tuna,370,PUTRA JAYAKOTA,NISSAN
4965258,PURNAMA -168,Longline Tuna,370,PUTRA JAYAKOTA,NISSAN
4965266,BAHARI -98,Longline Tuna,640,PAHALA BAHARI BALI,CUMMINS
4965269,BINTANG BAHAGIA JAYA,Longline Tuna,350,MARHAGOMO,NISSAN
4965270,BAHARI 668,Longline Tuna,640,PAHALA BAHARI BALI,CUMMINS
4965270,BAHARI -668,Longline Tuna,640,PAHALA BAHARI BALI,CUMMINS
31051929,PUTRI INDAH,Purse Seine Small Pelagics,#N/A,#N/A,#N/A
31057332,01057332SKY6941,Longline Tuna,320,KALIM MURNY,NISSAN
31057332,MINA SARI,Longline Tuna,320,KALIM MURNY,NISSAN
31060998,BAHARI NUSANTARA 25,Longline Tuna,370,I KADEK SUGIANTARA,NISSAN
31060998,BAHARI NUSANTARA -25,Longline Tuna,370,I KADEK SUGIANTARA,NISSAN
31061002,MAKMUR ABADI 1,Longline Tuna,280,BUDI,NISSAN
31061002,MAKMUR ABADI -I,Longline Tuna,280,BUDI,NISSAN
31061002,01072268SKYECF9,Longline Tuna,280,BUDI,NISSAN
31070031,HASIL JAYA,Longline Tuna,#N/A,#N/A,#N/A
31070033,UNION II,Longline Tuna,#N/A,#N/A,#N/A
31070033,01070033SKY5552,Longline Tuna,#N/A,#N/A,#N/A
31070033,UNION -II,Longline Tuna,#N/A,#N/A,#N/A
31070040,ARTHA SAMUDERA -A,Purse Seine Big Pelagics with one boat,420,SUGIANTO,NISSAN
31070040,ARTHA SAMUDERA A,Purse Seine Big Pelagics with one boat,420,SUGIANTO,NISSAN
31070082,TANJUNG PERMATA II,Longline Tuna,#N/A,#N/A,#N/A
31072262,SIDO UNGGUL JAYA I,Longline Tuna,370,KILAT MANDIRI JAYA,NISSAN
31072271,MITRA JAYA V,Longline Tuna,#N/A,#N/A,#N/A
31072271,MITRA JAYA -V,Longline Tuna,#N/A,#N/A,#N/A
31072272,TRI JAYA -28,Purse Seine Big Pelagics with one boat,420,TRI JAYA MAKMUR,NISSAN
31072292,MITRA JAYA III,Longline Tuna,300,WILLY SANTOSO,MITSUBISHI
31072292,MITRA  JAYA III,Longline Tuna,300,WILLY SANTOSO,MITSUBISHI
31072305,AGRA JAYA -I,Longline Tuna,#N/A,#N/A,#N/A
31076445,INFINITY 9,Purse Seine Big Pelagics with one boat,420,SUGIARTO SURYA,MITSUBISHI
31076521,01076521SKY340A,Purse Seine Big Pelagics with one boat,420,FENDY WIJAYA,NISSAN
31076521,REAL ANSON,Purse Seine Big Pelagics with one boat,420,FENDY WIJAYA,NISSAN
31076524,CITRA EXPRESS -02,Purse Seine Big Pelagics with one boat,370,YUNUS,NISSAN
31085979,MARCEL JAYA -09,Purse Seine Big Pelagics with one boat,420,MARCELINDO CITRA LESTARI,NISSAN
31110315,REJEKI MELIMPAH -8,Longline Tuna,290,DEBORA JULIATI,NISSAN
31129869,REJEKI TERANG -A,Longline Tuna,180,SUPARTO,MITSUBISHI
31137572,PELANGI SAMUDRA 2,Longline Tuna,370,DONNY HERVIS,NISSAN
31177127,JASA NELAYAN,Purse Seine Small Pelagics,380,SUGIANTO,NISSAN
40408049,SINAR MESTIKA MULIA,Purse Seine Big Pelagics with one boat,370,SUMBER MESTIKA DAVINDO,MITSUBISHI
40408050,PRIMA HASIL SAMUDERA,Purse Seine Big Pelagics with one boat,370,INTI MARINA PRATAMA,NISSAN
40408352,SUKSES MAJU 5,Purse Seine Big Pelagics with one boat,360,HENDRY WIJAYA,CUMMINS
40408353,OPTIMUS,Purse Seine Big Pelagics with one boat,#N/A,#N/A,#N/A
40408369,SUMAN JAYA PERKASA - XV,Purse Seine Big Pelagics with one boat,#N/A,#N/A,#N/A
40408421,ARABIKA JAYA,Transporter,280,OEY GIOK HWA,NISSAN
40408426,HASIL LAUT -53,Longline Tuna,#N/A,#N/A,#N/A
40408499,TRIJAYA -11,Purse Seine Big Pelagics with one boat,420,TRI JAYA MAKMUR,NISSAN
40408654,HASIL LAUT -21,Longline Tuna,#N/A,#N/A,#N/A
40408656,HASIL LAUT -62,Transporter,370,KENT HASIL LAUT,NISSAN
40408756,FACIFIC MEMORY,Purse Seine Big Pelagics with one boat,#N/A,#N/A,#N/A
40408766,HASIL LAUT -20,Longline Tuna,#N/A,#N/A,#N/A
40408859,HASIL LAUT -32,Longline Tuna,220,KENT HASIL LAUT,HINO
40408860,S8860,Purse Seine Small Pelagics,#N/A,#N/A,#N/A
40408860,CITRA KARYA,Purse Seine Small Pelagics,#N/A,#N/A,#N/A
40408863,HASIL MELIMPAH III A,Transporter,370,BERKAH MELIMPAH JAYA,NISSAN
40408867,MERPATI-VIII,Purse Seine Big Pelagics with one boat,420,ADE GUNADI HALIM,NISSAN
40408869,STARINDO JAYA I,Purse Seine Big Pelagics with one boat,420,STARINDO JAYA MAJU,NISSAN
40408923,STARINDO JAYA MAJU -VI,Purse Seine Small Pelagics,#N/A,#N/A,#N/A
40408924,CHANDRA JAYA,Purse Seine Big Pelagics with one boat,370,ANDREAS WIBISONO,NISSAN
40408925,HASIL LAUT -52,Longline Tuna,240,ANTONIUS HALIM,HINO
40408926,HASIL LAUT -8,Longline Tuna,300,KENT HASIL LAUT,NISSAN
40408927,ASIA NELAYAN -2,Purse Seine Big Pelagics with one boat,370,KENT HASIL LAUT,NISSAN
40408928,HASIL LAUT XII,Transporter,#N/A,#N/A,#N/A
40408933,PERMATA INDAH II,Longline Tuna,#N/A,#N/A,#N/A
40408980,HARAPAN JAYA -28,Longline Tuna,220,HASIL ALAM SAMUDERA,MITSUBISHI
40409264,CORSICA,Purse Seine Small Pelagics,350,TRI JAYA MAKMUR,NISSAN
40409269,TANJUNG PERMAI -A1,Purse Seine Big Pelagics with one boat,420,TANJUNG PERMAI ABADI,NISSAN
40409576,NABINE,Longline Tuna,100,IRAWATI ANDRIANA,MITSUBISHI
40409798,MARCEL JAYA -26,Purse Seine Big Pelagics with one boat,420,MARCELINDO CITRA LESTARI,NISSAN
40409808,REJEKI MELIMPAH -1,Purse Seine Big Pelagics with one boat,#N/A,#N/A,#N/A
40409808,CALVIN III,Purse Seine Big Pelagics with one boat,#N/A,#N/A,#N/A
40409813,TRI JAYA 12,Purse Seine Big Pelagics with one boat,420,TRI JAYA MAKMUR,NISSAN
40510104,SIN TOBA JAYA-18,Transporter,420,JOHNY SULYSTIO,MITSUBISHI
40510252,NAGA JAYA -III,Longline Tuna,#N/A,#N/A,#N/A
40510308,MULTI SARANA INDAH -II,Longline Tuna,#N/A,#N/A,#N/A
40510309,STARINDO JAYA -V,Purse Seine Big Pelagics with one boat,420,STARINDO JAYA MAJU,NISSAN
40510310,STARINDO JAYA VI,Purse Seine Big Pelagics with one boat,420,HARTONO (HUAT),NISSAN
40510445,BINTANG BARAT -88,Longline Tuna,#N/A,#N/A,#N/A
40510450,PRIMA UTAMA JAYA -VIII,Transporter,370,STARINDO JAYA MAJU,NISSAN
40510473,RODA TERBANG 08,Longline Tuna,420,MITRA USAHA SAMUDERA,NISSAN
40510511,JIMMY WIJAYA 34,Longline Tuna,420,CHARLYWIJAYA TUNA,NISSAN
40510512,INTAN FORTUNA,Transporter,370,STARINDO JAYA MAJU,NISSAN
40510622,LAUTAN MENTARI,Purse Seine Big Pelagics with one boat,#N/A,#N/A,#N/A
40510705,HARAPAN JAYA SENTOSA,Purse Seine Big Pelagics with one boat,420,RAHARDJO,NISSAN
40510717,SIN TOBA JAYA -78,Purse Seine Big Pelagics with one boat,420,SUGIONO,NISSAN
40510955,RODA TERBANG -5,Longline Tuna,280,MITRA USAHA SAMUDERA,NISSAN
40510956,RODA TERBANG  09,Longline Tuna,270,MITRA USAHA SAMUDERA,HINO
40510964,TANJUNG PERMAI -A2,Purse Seine Big Pelagics with one boat,240,TANJUNG PERMAI ABADI,NISSAN
40511005,KENCANA MAS,Longline Tuna,280,INDOJOY FORTUNA,MITSUBISHI
40511885,STARINDO JAYA MAJU -VIII,Purse Seine Small Pelagics,#N/A,#N/A,#N/A
40512311,NANDO JAYA -02,Purse Seine Big Pelagics with one boat,420,HASIL ALAM SAMUDERA,NISSAN
40512707,RUKUN ARTHA SANTOSO-08,Purse Seine Small Pelagics,#N/A,#N/A,#N/A
40512707,RUKUN ARTHA SANTOSO -08,Purse Seine Small Pelagics,#N/A,#N/A,#N/A
40513424,CHARLIE TUNA WIJAYA -3,Longline Tuna,#N/A,#N/A,#N/A
40513426,SUMBER BERKAH,Longline Tuna,370,KURNIAWAN WIJAYA,NISSAN
40513427,DAMASHA -7,Purse Seine Big Pelagics with one boat,400,BERKATINDO PRIMA SEJAHTERA,NISSAN
40513596,HASIL LAUT -29,Longline Tuna,#N/A,#N/A,#N/A
40513982,HASIL MELIMPAH -26,Longline Tuna,295,DEBORA JULIATI,NISSAN
40513986,BERKAH MELIMPAH 18,Longline Tuna,410,SRI HARTATI,NISSAN
40514330,LAUTAN BERLIAN,Longline Tuna,210,ANITA,HINO
40514372,SIDO TAMBAH SANTOSO -04,Purse Seine Big Pelagics with one boat,420,MINA LANA SANTOSA,NISSAN
40514622,TRI JAYA XXI,Purse Seine Big Pelagics with one boat,420,TRI JAYA MAKMUR,NISSAN
40515051,BERKAH MELIMPAH -8,Longline Tuna,180,SRI HARTATI,HINO
40515071,SINAR  NELAYAN,Longline Tuna,350,SELASIH,HINO
40515519,AGRA JAYA -9,Purse Seine Big Pelagics with one boat,420,AGRA JAYA UTAMA,NISSAN
40516962,SINAR MENTARI -06,Longline Tuna,380,ANITA,HINO
40516970,PUTRA LEO NUSANTARA,Purse Seine Big Pelagics with one boat,350,PUTRA LEO NUSANTARA,NISSAN
40517295,SURYA NELAYAN 2,Longline Tuna,370,ANTONI,NISSAN